{
	"$schema": "https://schemas.wp.org/wp/6.6/theme.json",
	"settings": {
		"appearanceTools": true,
		"blocks": {
			"core/image": {
				"lightbox": {
					"allowEditing": false,
					"enabled": false
				}
			}
		},
		"color": {
			"background": true,
			"custom": true,
			"customDuotone": true,
			"customGradient": true,
			"defaultDuotone": false,
			"defaultGradients": false,
			"defaultPalette": false,
			"duotone": [],
			"gradients": [],
			"palette": [
				{
					"color": "#ffffff",
					"name": "Base",
					"slug": "base"
				},
				{
					"color": "#191919",
					"name": "Contrast",
					"slug": "contrast"
				},
				{
					"color": "#0f6466",
					"name": "Primary",
					"slug": "primary"
				},
				{
					"color": "#fafbf3",
					"name": "Secondary",
					"slug": "secondary"
				},
				{
					"color": "#999999",
					"name": "Tertiary",
					"slug": "tertiary"
				}
			],
			"text": true
		},
		"layout": {
			"contentSize": "700px",
			"wideSize": "1430px"
		},
		"shadow": {
			"defaultPresets": true,
			"presets": []
		},
		"spacing": {
			"customSpacingSize": true,
			"defaultSpacingSizes": false,
			"spacingSizes": [
				{
					"name": "1",
					"size": "0.5rem",
					"slug": "30"
				},
				{
					"name": "2",
					"size": "1rem",
					"slug": "40"
				},
				{
					"name": "3",
					"size": "clamp(1.5rem, 2.4096386vw, 2.0rem)",
					"slug": "50"
				},
				{
					"name": "4",
					"size": "clamp(1.5rem, 3.6144578vw, 3.0rem)",
					"slug": "60"
				},
				{
					"name": "5",
					"size": "clamp(2.0rem, 4.8192771vw, 4.0rem)",
					"slug": "70"
				},
				{
					"name": "6",
					"size": "clamp(3.0rem, 7.2289157vw, 6.0rem)",
					"slug": "80"
				}
			],
			"units": [
				"%",
				"px",
				"em",
				"rem",
				"vh",
				"vw"
			]
		},
		"typography": {
			"customFontSize": true,
			"defaultFontSizes": false,
			"dropCap": true,
			"fluid": true,
			"fontFamilies": [
				{
					"fontFace": [
						{
							"fontFamily": "Poppins",
							"fontStyle": "normal",
							"fontWeight": "100",
							"src": [
								"file:./assets/fonts/poppins_normal_100.ttf"
							]
						},
						{
							"fontFamily": "Poppins",
							"fontStyle": "italic",
							"fontWeight": "100",
							"src": [
								"file:./assets/fonts/poppins_italic_100.ttf"
							]
						},
						{
							"fontFamily": "Poppins",
							"fontStyle": "normal",
							"fontWeight": "200",
							"src": [
								"file:./assets/fonts/poppins_normal_200.ttf"
							]
						},
						{
							"fontFamily": "Poppins",
							"fontStyle": "italic",
							"fontWeight": "200",
							"src": [
								"file:./assets/fonts/poppins_italic_200.ttf"
							]
						},
						{
							"fontFamily": "Poppins",
							"fontStyle": "normal",
							"fontWeight": "300",
							"src": [
								"file:./assets/fonts/poppins_normal_300.ttf"
							]
						},
						{
							"fontFamily": "Poppins",
							"fontStyle": "italic",
							"fontWeight": "300",
							"src": [
								"file:./assets/fonts/poppins_italic_300.ttf"
							]
						},
						{
							"fontFamily": "Poppins",
							"fontStyle": "normal",
							"fontWeight": "400",
							"src": [
								"file:./assets/fonts/poppins_normal_400.ttf"
							]
						},
						{
							"fontFamily": "Poppins",
							"fontStyle": "italic",
							"fontWeight": "400",
							"src": [
								"file:./assets/fonts/poppins_italic_400.ttf"
							]
						},
						{
							"fontFamily": "Poppins",
							"fontStyle": "normal",
							"fontWeight": "500",
							"src": [
								"file:./assets/fonts/poppins_normal_500.ttf"
							]
						},
						{
							"fontFamily": "Poppins",
							"fontStyle": "italic",
							"fontWeight": "500",
							"src": [
								"file:./assets/fonts/poppins_italic_500.ttf"
							]
						},
						{
							"fontFamily": "Poppins",
							"fontStyle": "normal",
							"fontWeight": "600",
							"src": [
								"file:./assets/fonts/poppins_normal_600.ttf"
							]
						},
						{
							"fontFamily": "Poppins",
							"fontStyle": "italic",
							"fontWeight": "600",
							"src": [
								"file:./assets/fonts/poppins_italic_600.ttf"
							]
						},
						{
							"fontFamily": "Poppins",
							"fontStyle": "normal",
							"fontWeight": "700",
							"src": [
								"file:./assets/fonts/poppins_normal_700.ttf"
							]
						},
						{
							"fontFamily": "Poppins",
							"fontStyle": "italic",
							"fontWeight": "700",
							"src": [
								"file:./assets/fonts/poppins_italic_700.ttf"
							]
						},
						{
							"fontFamily": "Poppins",
							"fontStyle": "normal",
							"fontWeight": "800",
							"src": [
								"file:./assets/fonts/poppins_normal_800.ttf"
							]
						},
						{
							"fontFamily": "Poppins",
							"fontStyle": "italic",
							"fontWeight": "800",
							"src": [
								"file:./assets/fonts/poppins_italic_800.ttf"
							]
						},
						{
							"fontFamily": "Poppins",
							"fontStyle": "normal",
							"fontWeight": "900",
							"src": [
								"file:./assets/fonts/poppins_normal_900.ttf"
							]
						},
						{
							"fontFamily": "Poppins",
							"fontStyle": "italic",
							"fontWeight": "900",
							"src": [
								"file:./assets/fonts/poppins_italic_900.ttf"
							]
						}
					],
					"fontFamily": "Poppins",
					"slug": "poppins"
				},
				{
					"fontFace": [
						{
							"fontFamily": "Roboto",
							"fontStyle": "normal",
							"fontWeight": "100",
							"src": [
								"file:./assets/fonts/roboto_normal_100.ttf"
							]
						},
						{
							"fontFamily": "Roboto",
							"fontStyle": "italic",
							"fontWeight": "100",
							"src": [
								"file:./assets/fonts/roboto_italic_100.ttf"
							]
						},
						{
							"fontFamily": "Roboto",
							"fontStyle": "normal",
							"fontWeight": "300",
							"src": [
								"file:./assets/fonts/roboto_normal_300.ttf"
							]
						},
						{
							"fontFamily": "Roboto",
							"fontStyle": "italic",
							"fontWeight": "300",
							"src": [
								"file:./assets/fonts/roboto_italic_300.ttf"
							]
						},
						{
							"fontFamily": "Roboto",
							"fontStyle": "normal",
							"fontWeight": "400",
							"src": [
								"file:./assets/fonts/roboto_normal_400.ttf"
							]
						},
						{
							"fontFamily": "Roboto",
							"fontStyle": "italic",
							"fontWeight": "400",
							"src": [
								"file:./assets/fonts/roboto_italic_400.ttf"
							]
						},
						{
							"fontFamily": "Roboto",
							"fontStyle": "normal",
							"fontWeight": "500",
							"src": [
								"file:./assets/fonts/roboto_normal_500.ttf"
							]
						},
						{
							"fontFamily": "Roboto",
							"fontStyle": "italic",
							"fontWeight": "500",
							"src": [
								"file:./assets/fonts/roboto_italic_500.ttf"
							]
						},
						{
							"fontFamily": "Roboto",
							"fontStyle": "normal",
							"fontWeight": "700",
							"src": [
								"file:./assets/fonts/roboto_normal_700.ttf"
							]
						},
						{
							"fontFamily": "Roboto",
							"fontStyle": "italic",
							"fontWeight": "700",
							"src": [
								"file:./assets/fonts/roboto_italic_700.ttf"
							]
						},
						{
							"fontFamily": "Roboto",
							"fontStyle": "normal",
							"fontWeight": "900",
							"src": [
								"file:./assets/fonts/roboto_normal_900.ttf"
							]
						},
						{
							"fontFamily": "Roboto",
							"fontStyle": "italic",
							"fontWeight": "900",
							"src": [
								"file:./assets/fonts/roboto_italic_900.ttf"
							]
						}
					],
					"fontFamily": "Roboto",
					"slug": "roboto"
				}
			],
			"fontSizes": [
				{
					"fluid": false,
					"name": "Extra Small",
					"size": "0.868rem",
					"slug": "x-small"
				},
				{
					"fluid": {
						"max": "1.042rem",
						"min": "0.868rem"
					},
					"name": "Small",
					"size": "1.042rem",
					"slug": "small"
				},
				{
					"fluid": {
						"max": "1.25rem",
						"min": "1.042rem"
					},
					"name": "Medium",
					"size": "1.25rem",
					"slug": "medium"
				},
				{
					"fluid": {
						"max": "1.5rem",
						"min": "1.25rem"
					},
					"name": "Large",
					"size": "1.5rem",
					"slug": "large"
				},
				{
					"fluid": {
						"max": "1.8rem",
						"min": "1.5rem"
					},
					"name": "Extra Large",
					"size": "1.8rem",
					"slug": "x-large"
				},
				{
					"fluid": {
						"max": "2.592rem",
						"min": "1.8rem"
					},
					"name": "Double Extra Large",
					"size": "2.592rem",
					"slug": "xx-large"
				},
				{
					"fluid": {
						"max": "3.732rem",
						"min": "2.592rem"
					},
					"name": "Triple Extra Large",
					"size": "3.732rem",
					"slug": "xxx-large"
				},
				{
					"fluid": {
						"max": "6.45rem",
						"min": "2.592rem"
					},
					"name": "Quadruple Extra Large",
					"size": "6.45rem",
					"slug": "xxxx-large"
				}
			],
			"fontStyle": true,
			"fontWeight": true,
			"letterSpacing": true,
			"textDecoration": true,
			"textTransform": true
		},
		"useRootPaddingAwareAlignments": true
	},
	"styles": {
		"blocks": {
			"core/archives": {
				"elements": {
					"link": {
						":hover": {
							"typography": {
								"textDecoration": "underline"
							}
						},
						"typography": {
							"textDecoration": "none"
						}
					}
				},
				"spacing": {
					"padding": {
						"left": "var(--wp--preset--spacing--40)"
					}
				}
			},
			"core/avatar": {
				"border": {
					"radius": "999px"
				}
			},
			"core/button": {
				"variations": {
					"outline": {
						"spacing": {
							"padding": {
								"bottom": "0.9375rem",
								"left": "2rem",
								"right": "2rem",
								"top": "0.9375rem"
							}
						}
					}
				}
			},
			"core/buttons": {
				"spacing": {
					"blockGap": "var(--wp--preset--spacing--40)"
				}
			},
			"core/calendar": {
				"css": ".wp-block-calendar table:where(:not(.has-text-color)){color: var(--wp--preset--color--contrast);} &.wp-block-calendar table:where(:not(.has-text-color)) td{border-color: var(--wp--preset--color--contrast);} &.wp-block-calendar table:where(:not(.has-text-color)) th{border-color: var(--wp--preset--color--contrast);} & :where(.wp-block-calendar table:not(.has-background) th){background-color: var(--wp--preset--color--contrast);color: var(--wp--preset--color--base);}",
				"elements": {
					"link": {
						":hover": {
							"color": {
								"text": "var(--wp--preset--color--contrast)"
							}
						}
					}
				}
			},
			"core/categories": {
				"elements": {
					"link": {
						":hover": {
							"typography": {
								"textDecoration": "underline"
							}
						},
						"typography": {
							"textDecoration": "none"
						}
					}
				},
				"spacing": {
					"padding": {
						"left": "var(--wp--preset--spacing--40)"
					}
				}
			},
			"core/code": {
				"border": {
					"color": "var(--wp--preset--color--tertiary)",
					"radius": "0",
					"style": "solid",
					"width": "1px"
				},
				"spacing": {
					"padding": {
						"bottom": "var(--wp--preset--spacing--40)",
						"left": "var(--wp--preset--spacing--40)",
						"right": "var(--wp--preset--spacing--40)",
						"top": "var(--wp--preset--spacing--40)"
					}
				},
				"typography": {
					"fontFamily": "monospace",
					"fontSize": "var(--wp--preset--font-size--small)",
					"lineHeight": "1.25"
				}
			},
			"core/comment-author-name": {
				"elements": {
					"link": {
						":hover": {
							"color": {
								"text": "var(--wp--preset--color--primary)"
							},
							"typography": {
								"textDecoration": "underline"
							}
						},
						"color": {
							"text": "var(--wp--preset--color--contrast)"
						},
						"typography": {
							"textDecoration": "none"
						}
					}
				},
				"typography": {
					"fontSize": "var(--wp--preset--font-size--small)",
					"fontWeight": "500"
				}
			},
			"core/comment-content": {
				"typography": {
					"fontSize": "var(--wp--preset--font-size--small)"
				}
			},
			"core/comment-date": {
				"elements": {
					"link": {
						":hover": {
							"color": {
								"text": "var(--wp--preset--color--primary)"
							},
							"typography": {
								"textDecoration": "underline"
							}
						},
						"color": {
							"text": "var(--wp--preset--color--contrast)"
						},
						"typography": {
							"textDecoration": "none"
						}
					}
				},
				"typography": {
					"fontSize": "var(--wp--preset--font-size--small)"
				}
			},
			"core/comment-edit-link": {
				"elements": {
					"link": {
						":hover": {
							"color": {
								"text": "var(--wp--preset--color--primary)"
							},
							"typography": {
								"textDecoration": "underline"
							}
						},
						"color": {
							"text": "var(--wp--preset--color--contrast)"
						},
						"typography": {
							"textDecoration": "none"
						}
					}
				},
				"typography": {
					"fontSize": "var(--wp--preset--font-size--small)"
				}
			},
			"core/comment-reply-link": {
				"color": {
					"text": "var(--wp--preset--color--contrast)"
				},
				"elements": {
					"link": {
						":hover": {
							"color": {
								"text": "var(--wp--preset--color--primary)"
							}
						},
						"border": {
							"color": "var(--wp--preset--color--tertiary)",
							"radius": "4px",
							"style": "solid",
							"width": "0"
						},
						"color": {
							"background": "var(--wp--preset--color--secondary)",
							"text": "var(--wp--preset--color--contrast)"
						},
						"spacing": {
							"padding": "0.375rem 0.75rem"
						},
						"typography": {
							"fontSize": "var(--wp--preset--font-size--x-small)",
							"textDecoration": "none"
						}
					}
				},
				"typography": {
					"fontSize": "var(--wp--preset--font-size--small)"
				}
			},
			"core/comments-pagination": {
				"elements": {
					"link": {
						":hover": {
							"color": {
								"text": "var(--wp--preset--color--primary)"
							}
						},
						"color": {
							"text": "var(--wp--preset--color--contrast)"
						}
					}
				},
				"typography": {
					"fontSize": "var(--wp--preset--font-size--small)",
					"fontStyle": "italic"
				}
			},
			"core/comments-title": {
				"spacing": {
					"margin": {
						"top": "0px"
					}
				},
				"typography": {
					"fontSize": "var(--wp--preset--font-size--large)"
				}
			},
			"core/cover": {
				"color": {
					"text": "var(--wp--preset--color--base)"
				},
				"spacing": {
					"padding": {
						"bottom": "var(--wp--preset--spacing--50)",
						"left": "var(--wp--preset--spacing--50)",
						"right": "var(--wp--preset--spacing--50)",
						"top": "var(--wp--preset--spacing--50)"
					}
				}
			},
			"core/image": {
				"css": " .wp-element-caption{text-align:center;}"
			},
			"core/latest-comments": {
				"css": ".wp-block-latest-comments .wp-block-latest-comments__comment-meta{font-size: inherit;} & .wp-block-latest-comments__comment-date{font-size: inherit;} & .wp-block-latest-comments__comment-excerpt p{font-size: inherit;} & .wp-block-latest-comments__comment-excerpt p{margin:0 0 var(--wp--style--block-gap)} &:where(.wp-block-latest-comments:not([style*=line-height] .wp-block-latest-comments__comment-excerpt p)){line-height:inherit;}",
				"spacing": {
					"padding": {
						"left": "0px"
					}
				}
			},
			"core/latest-posts": {
				"css": " .wp-block-latest-posts__post-author{font-size: inherit;} & .wp-block-latest-posts__post-date{font-size: inherit;} & .wp-block-latest-posts__post-excerpt{margin:0 0 var(--wp--style--block-gap)}",
				"elements": {
					"link": {
						":hover": {
							"color": {
								"text": "var(--wp--preset--color--primary)"
							}
						},
						"color": {
							"text": "var(--wp--preset--color--contrast)"
						}
					}
				}
			},
			"core/list": {
				"spacing": {
					"padding": {
						"left": "var(--wp--preset--spacing--40)"
					}
				}
			},
			"core/navigation": {
				"elements": {
					"link": {
						"typography": {
							"textDecoration": "none"
						}
					}
				},
				"typography": {
					"fontSize": "var(--wp--preset--font-size--small)",
					"fontStyle": "normal",
					"fontWeight": "400"
				}
			},
			"core/page-list": {
				"elements": {
					"link": {
						":hover": {
							"typography": {
								"textDecoration": "underline"
							}
						},
						"typography": {
							"textDecoration": "none"
						}
					}
				}
			},
			"core/paragraph": {
				"spacing": {
					"margin": {
						"top": "var(--wp--preset--spacing--50)"
					}
				},
				"typography": {
					"lineHeight": "calc(1em + 0.75rem)"
				}
			},
			"core/post-author": {
				"css": ".wp-block-post-author .wp-block-post-author__byline{font-size:inherit;} &.wp-block-post-author .wp-block-post-author__name a{text-decoration:none;} &.wp-block-post-author .wp-block-post-author__bio{font-size:inherit;margin:0;} & .wp-block-post-author__avatar img{border-radius: 999px;vertical-align:middle;}",
				"elements": {
					"link": {
						":hover": {
							"color": {
								"text": "var(--wp--preset--color--primary)"
							}
						},
						"color": {
							"text": "var(--wp--preset--color--contrast)"
						}
					}
				},
				"typography": {
					"fontSize": "var(--wp--preset--font-size--small)"
				}
			},
			"core/post-author-biography": {
				"elements": {
					"link": {
						":hover": {
							"color": {
								"text": "var(--wp--preset--color--tertiary)"
							}
						},
						"color": {
							"text": "var(--wp--preset--color--primary)"
						}
					}
				}
			},
			"core/post-author-name": {
				"color": {
					"text": "var(--wp--preset--color--contrast)"
				},
				"elements": {
					"link": {
						":hover": {
							"color": {
								"text": "var(--wp--preset--color--primary)"
							},
							"typography": {
								"textDecoration": "underline"
							}
						},
						"color": {
							"text": "var(--wp--preset--color--contrast)"
						},
						"typography": {
							"textDecoration": "none"
						}
					}
				},
				"typography": {
					"fontSize": "var(--wp--preset--font-size--small)"
				}
			},
			"core/post-comments-count": {
				"elements": {
					"link": {
						":hover": {
							"color": {
								"text": "var(--wp--preset--color--primary)"
							},
							"typography": {
								"textDecoration": "underline"
							}
						},
						"color": {
							"text": "var(--wp--preset--color--contrast)"
						},
						"typography": {
							"textDecoration": "none"
						}
					}
				},
				"typography": {
					"fontSize": "var(--wp--preset--font-size--small)"
				}
			},
			"core/post-comments-form": {
				"css": ".wp-block-post-comments-form .comment-form input:not([type=submit]):not([type=checkbox]){line-height: inherit;} & .comment-form textarea{line-height: inherit;} & .comment-form > *{margin-top:var(--wp--style--block-gap);margin-bottom:0}"
			},
			"core/post-comments-link": {
				"elements": {
					"link": {
						":hover": {
							"color": {
								"text": "var(--wp--preset--color--primary)"
							},
							"typography": {
								"textDecoration": "underline"
							}
						},
						"color": {
							"text": "var(--wp--preset--color--contrast)"
						},
						"typography": {
							"textDecoration": "none"
						}
					}
				},
				"typography": {
					"fontSize": "var(--wp--preset--font-size--small)"
				}
			},
			"core/post-date": {
				"elements": {
					"link": {
						":hover": {
							"color": {
								"text": "var(--wp--preset--color--primary)"
							},
							"typography": {
								"textDecoration": "underline"
							}
						},
						"color": {
							"text": "var(--wp--preset--color--contrast)"
						},
						"typography": {
							"textDecoration": "none"
						}
					}
				},
				"typography": {
					"fontSize": "var(--wp--preset--font-size--small)"
				}
			},
			"core/post-excerpt": {
				"css": ".wp-block-post-excerpt .wp-block-post-excerpt__excerpt{line-height: inherit;}"
			},
			"core/post-navigation-link": {
				"elements": {
					"link": {
						":hover": {
							"color": {
								"text": "var(--wp--preset--color--primary)"
							}
						},
						"color": {
							"text": "var(--wp--preset--color--contrast)"
						}
					}
				},
				"typography": {
					"fontSize": "var(--wp--preset--font-size--small)",
					"fontStyle": "italic"
				}
			},
			"core/post-terms": {
				"elements": {
					"link": {
						":hover": {
							"color": {
								"text": "var(--wp--preset--color--primary)"
							},
							"typography": {
								"textDecoration": "underline"
							}
						},
						"color": {
							"text": "var(--wp--preset--color--contrast)"
						},
						"typography": {
							"textDecoration": "none"
						}
					}
				},
				"typography": {
					"fontSize": "var(--wp--preset--font-size--small)"
				}
			},
			"core/post-time-to-read": {
				"typography": {
					"fontSize": "var(--wp--preset--font-size--small)"
				}
			},
			"core/post-title": {
				"color": {
					"text": "var(--wp--preset--color--contrast)"
				},
				"elements": {
					"link": {
						":hover": {
							"typography": {
								"textDecoration": "underline"
							}
						},
						"color": {
							"text": "var(--wp--preset--color--contrast)"
						},
						"typography": {
							"textDecoration": "none"
						}
					}
				},
				"typography": {
					"fontSize": "var(--wp--preset--font-size--xx-large)",
					"fontWeight": "600"
				}
			},
			"core/pullquote": {
				"border": {
					"color": "var(--wp--preset--color--contrast)",
					"style": "solid",
					"width": "1px 0"
				},
				"css": ".wp-block-pullquote cite {display:block;margin-top: var(--wp--preset--spacing--50)}",
				"spacing": {
					"padding": {
						"bottom": "var(--wp--preset--spacing--50)",
						"left": "var(--wp--preset--spacing--50)",
						"right": "var(--wp--preset--spacing--50)",
						"top": "var(--wp--preset--spacing--50)"
					}
				},
				"typography": {
					"fontSize": "var(--wp--preset--font-size--large)",
					"fontStyle": "italic"
				}
			},
			"core/query-pagination": {
				"elements": {
					"link": {
						":hover": {
							"color": {
								"text": "var(--wp--preset--color--primary)"
							}
						},
						"color": {
							"text": "var(--wp--preset--color--contrast)"
						}
					}
				},
				"typography": {
					"fontSize": "var(--wp--preset--font-size--small)",
					"fontStyle": "italic"
				}
			},
			"core/query-title": {
				"typography": {
					"fontSize": "var(--wp--preset--font-size--medium)"
				}
			},
			"core/quote": {
				"border": {
					"color": "var(--wp--preset--color--contrast)",
					"style": "solid",
					"width": "0 0 0 1px"
				},
				"spacing": {
					"padding": {
						"left": "var(--wp--preset--spacing--40)"
					}
				},
				"typography": {
					"fontStyle": "italic"
				},
				"variations": {
					"plain": {
						"border": {
							"width": "0"
						},
						"spacing": {
							"padding": {
								"left": "0"
							}
						},
						"typography": {
							"fontStyle": "normal"
						}
					}
				}
			},
			"core/rss": {
				"elements": {
					"link": {
						":hover": {
							"typography": {
								"textDecoration": "underline"
							}
						},
						"typography": {
							"textDecoration": "none"
						}
					}
				}
			},
			"core/search": {
				"border": {
					"radius": "0"
				},
				"elements": {
					"button": {
						"spacing": {
							"margin": {
								"left": "8px"
							},
							"padding": "12px 16px"
						}
					}
				},
				"typography": {
					"fontSize": "var(--wp--preset--font-size--x-small)",
					"lineHeight": "1"
				}
			},
			"core/separator": {
				"border": {
					"color": "currentColor",
					"style": "solid",
					"width": "0 0 1px 0"
				},
				"color": {
					"text": "var(--wp--preset--color--contrast)"
				}
			},
			"core/site-tagline": {
				"typography": {
					"fontSize": "var(--wp--preset--font-size--small)"
				}
			},
			"core/site-title": {
				"elements": {
					"link": {
						":hover": {
							"typography": {
								"textDecoration": "underline"
							}
						},
						"color": {
							"text": "var(--wp--preset--color--contrast)"
						},
						"typography": {
							"textDecoration": "none"
						}
					}
				},
				"typography": {
					"fontSize": "var(--wp--preset--font-size--large)",
					"fontWeight": "800",
					"lineHeight": 1,
					"textTransform": "uppercase"
				}
			},
			"core/social-links": {
				"spacing": {
					"blockGap": {
						"left": "var(--wp--preset--spacing--40)",
						"top": "var(--wp--preset--spacing--40)"
					}
				}
			},
			"core/spacer": {
				"spacing": {
					"margin": {
						"bottom": "0",
						"top": "0"
					}
				}
			},
			"core/table": {
				"css": "& thead{border-bottom-width: 1px;} & tfoot{border-top-width: 1px;} & + .wp-element-caption{text-align:center;}"
			},
			"core/table-of-contents": {
				"elements": {
					"link": {
						":hover": {
							"typography": {
								"textDecoration": "underline"
							}
						},
						"typography": {
							"textDecoration": "none"
						}
					}
				}
			},
			"core/tag-cloud": {
				"css": ".wp-block-tag-cloud.is-style-outline{font-size:var(--wp--preset--font-size--small);line-height:1} &.wp-block-tag-cloud.is-style-outline a {border-radius:999px;padding: 4px 12px;} &.wp-block-tag-cloud.is-style-outline a:hover {color: var(--wp--preset--color--base);background-color: var(--wp--preset--color--contrast);}"
			},
			"core/term-description": {
				"css": "& p+p {margin-top:calc(1em + 0.75rem);}",
				"typography": {
					"fontSize": "var(--wp--preset--font-size--small)"
				}
			}
		},
		"color": {
			"background": "var(--wp--preset--color--base)",
			"text": "var(--wp--preset--color--contrast)"
		},
		"elements": {
			"button": {
				":active": {
					"color": {
						"background": "var(--wp--preset--color--primary)",
						"text": "var(--wp--preset--color--base)"
					}
				},
				":focus": {
					"color": {
						"background": "var(--wp--preset--color--primary)",
						"text": "var(--wp--preset--color--base)"
					},
					"outline": {
						"color": "var(--wp--preset--color--primary)",
						"offset": "2px",
						"style": "dotted",
						"width": "1px"
					}
				},
				":hover": {
					"color": {
						"background": "var(--wp--preset--color--primary)",
						"text": "var(--wp--preset--color--base)"
					}
				},
				"border": {
					"radius": "0"
				},
				"color": {
					"background": "var(--wp--preset--color--contrast)",
					"text": "var(--wp--preset--color--base)"
				},
				"spacing": {
					"padding": {
						"bottom": "17px",
						"left": "34px",
						"right": "34px",
						"top": "17px"
					}
				},
				"typography": {
					"fontSize": "var(--wp--preset--font-size--x-small)",
					"fontWeight": "600",
					"lineHeight": "1",
					"textTransform": "uppercase"
				}
			},
			"caption": {
				"color": {
					"text": "var(--wp--preset--color--contrast)"
				},
				"spacing": {
					"margin": {
						"bottom": "var(--wp--preset--spacing--50)",
						"top": "var(--wp--preset--spacing--30)"
					}
				},
				"typography": {
					"fontSize": "var(--wp--preset--font-size--x-small)"
				}
			},
			"h1": {
				"typography": {
					"fontSize": "var(--wp--preset--font-size--x-large)"
				}
			},
			"h2": {
				"typography": {
					"fontSize": "var(--wp--preset--font-size--large)"
				}
			},
			"h3": {
				"typography": {
					"fontSize": "var(--wp--preset--font-size--medium)"
				}
			},
			"h4": {
				"typography": {
					"fontSize": "var(--wp--preset--font-size--small)"
				}
			},
			"h5": {
				"typography": {
					"fontSize": "var(--wp--preset--font-size--x-small)",
					"textTransform": "uppercase"
				}
			},
			"h6": {
				"typography": {
					"fontSize": "var(--wp--preset--font-size--x-small)"
				}
			},
			"heading": {
				"typography": {
					"fontFamily": "var(--wp--preset--font-family--poppins)",
					"fontWeight": "600",
					"lineHeight": "1.3"
				}
			},
			"link": {
				":hover": {
					"color": {
						"text": "var(--wp--preset--color--contrast)"
					},
					"typography": {
						"textDecoration": "none"
					}
				},
				"color": {
					"text": "var(--wp--preset--color--primary)"
				}
			}
		},
		"spacing": {
			"blockGap": "var(--wp--preset--spacing--50)",
			"padding": {
				"bottom": "0",
				"left": "var(--wp--preset--spacing--60)",
				"right": "var(--wp--preset--spacing--60)",
				"top": "0"
			}
		},
		"typography": {
			"fontFamily": "var(--wp--preset--font-family--roboto)",
			"fontSize": "var(--wp--preset--font-size--medium)",
			"lineHeight": "1.6"
		}
	},
	"templateParts": [
		{
			"area": "header",
			"name": "header",
			"title": "Header"
		},
		{
			"area": "footer",
			"name": "footer",
			"title": "Footer"
		}
	],
	"version": 3
}